k,obj_value,per_red
1,959.6196797230223,50
2,959.6196797230223,50
3,959.6196797230223,50
4,959.6196797230223,50
5,959.6196797230223,50
6,959.6196797230223,50
7,959.6196797230223,50
8,959.6196797230223,50
9,959.6196797230223,50
10,959.6196797230223,50
